element_type,element_id,country_u,country_v,bus_u,bus_v,voltage_kv,r_ohm,x_ohm,b_series_S,b_shunt_S,length_km,imax_A_used,smax_MVA,fmax_MW,eic_code,ne_name_old,source_sheet,row_index
tieline,CZ1-DE1,DE,CZ,DE,CZ,380.0,1.23,10.945,0.09136592051164916,0.0001748296,51.9,2520.0,1658.6118533279569,1658.6118533279569,10T-CZ-DE-00002U,Röhrsdorf - Hradec 445,Tielines_New,0
tieline,CZ2-DE2,DE,CZ,DE,CZ,380.0,1.23,10.945,0.09136592051164916,0.0001748296,51.9,2520.0,1658.6118533279569,1658.6118533279569,10T-CZ-DE-00003S,Röhrsdorf - Hradec 446,Tielines_New,1
tieline,DE1-PL1,DE,PL,DE,PL,380.0,0.35,3.49,0.28653295128939826,5.7176990000000004e-05,13.1,2520.0,1658.6118533279569,1658.6118533279569,10T-DE-PL-000039,Vierraden - Krajnik 507,Tielines_New,2
tieline,DE2-PL2,DE,PL,DE,PL,380.0,0.35,3.49,0.28653295128939826,5.7176990000000004e-05,13.1,2520.0,1658.6118533279569,1658.6118533279569,10T-DE-PL-000047,Vierraden - Krajnik 508,Tielines_New,3
tieline,DE3-PL3,DE,PL,DE,PL,380.0,0.233,2.53,0.3952569169960475,2.8714159999999997e-05,2.6,2520.0,1658.6118533279569,1658.6118533279569,10T-DE-PL-00002B,Hagenwerder - Mikulowa 567,Tielines_New,4
tieline,DE4-PL4,DE,PL,DE,PL,380.0,0.243,2.606,0.3837298541826554,2.981371e-05,2.4,2520.0,1658.6118533279569,1658.6118533279569,10T-DE-PL-00001D,Hagenwerder - Mikulowa 568,Tielines_New,5
tieline,BE1-DE1,DE,BE,DE,BE,380.0,0.005,0.05,20.0,4e-07,40.0,3600.0,2369.445504754224,2369.445504754224,22T201903146---W,Oberzier - Lixhe ALEGRO,Tielines_New,6
tieline,AT1-DE1,DE,AT,DE,WESTTIROL,380.0,1.275,10.67,0.09372071227741331,0.00017669999999999999,41.0,2400.0,1579.630336502816,1579.630336502816,10T-AT-DE-10007U,Leupolz - Westtirol FUESSN O,Tielines_New,7
tieline,AT2-DE2,DE,AT,DE,WESTTIROL,220.0,2.302,19.97,0.05007511266900351,0.00033939999999999996,79.0,1282.0,488.50760976672615,488.50760976672615,10T1001C--00037V,Voehringen - Westtirol FUESSN W,Tielines_New,8
tieline,AT3-DE3,DE,AT,DE,WERBEN,220.0,0.006,0.05,20.0,5e-07,0.0,1480.0,563.9557429444264,563.9557429444264,10T-AT-DE-00025Y,Y-Werben  (-Buers - Herbertingen - Tiengen) BLUDNZ W,Tielines_New,9
tieline,AT4-DE4,DE,AT,DE,WERBEN,220.0,0.01,0.059,16.949152542372882,4e-07,0.0,1540.0,586.8188136043356,586.8188136043356,10T-AT-DE-00026W,Y-Werben (-Buers - Voehringen) DELLM O,Tielines_New,10
tieline,DE1-FR1,DE,FR,DE,FR,220.0,0.925,4.067,0.24588148512417013,4.76e-05,13.0,843.0,321.22614277172397,321.22614277172397,10T-DE-FR-00004C,Ensdorf - St. Avold AVOLD,Tielines_New,11
tieline,DE2-FR2,DE,FR,DE,FR,380.0,0.365,5.13,0.19493177387914232,8.92e-05,20.0,2720.0,1790.2477147031916,1790.2477147031916,10T-DE-FR-00005A,Ensdorf - Vigy VIGY1 N,Tielines_New,12
tieline,DE3-FR3,DE,FR,DE,FR,380.0,0.365,5.13,0.19493177387914232,8.92e-05,20.0,2720.0,1790.2477147031916,1790.2477147031916,10T-DE-FR-000068,Ensdorf - Vigy VIGY2 S,Tielines_New,13
tieline,DE1-LU1,DE,LU,DE,LU,220.0,0.235,1.512,0.6613756613756614,1.95e-05,5.0,1290.0,491.55601918804734,491.55601918804734,10T-LU-DE-00001G,Bauler - Flebour FLE BA N,Tielines_New,14
tieline,DE2-LU2,DE,LU,DE,LU,220.0,0.235,1.512,0.6613756613756614,1.95e-05,5.0,1290.0,491.55601918804734,491.55601918804734,10T1001C--00096F,Bauler - Flebour FLE BA S,Tielines_New,15
tieline,DE3-LU3,DE,LU,DE,LU,220.0,1.15,5.425,0.18433179723502305,0.0001893,31.0,1290.0,491.55601918804734,491.55601918804734,10T1001C--00135V,Blooren - Niederstedem BLONST S,Tielines_New,16
tieline,DE4-LU4,DE,LU,DE,LU,220.0,1.416,7.3,0.136986301369863,9.77e-05,26.0,1290.0,491.55601918804734,491.55601918804734,10T-LU-DE-00003C,Heisdorf - Quint HEI QU N,Tielines_New,17
tieline,DE1-NL1,DE,NL,DE,NL,380.0,0.362,7.205,0.13879250520471895,0.0001536,32.0,3600.0,2369.445504754224,2369.445504754224,10T-DE-NL-00007J,Doetinchem - Niederrhein DOETM SW,Tielines_New,18
tieline,DE2-NL2,DE,NL,DE,NL,380.0,0.48,7.31,0.13679890560875513,0.000135,30.0,3600.0,2369.445504754224,2369.445504754224,10T1001C--000235,Doetinchem - Niederrhein DOETM WS,Tielines_New,19
tieline,DE3-NL3,DE,NL,DE,NL,380.0,0.303,2.907,0.3439972480220158,4.7399999999999993e-05,11.0,2720.0,1790.2477147031916,1790.2477147031916,10T-DE-NL-00004P,Gronau - Hengelo HENGL SW,Tielines_New,20
tieline,DE4-NL4,DE,NL,DE,NL,380.0,0.303,2.907,0.3439972480220158,4.7399999999999993e-05,11.0,2720.0,1790.2477147031916,1790.2477147031916,10T-DE-NL-00003R,Gronau - Hengelo HENGL WS,Tielines_New,21
tieline,DE5-NL5,DE,NL,DE,NL,380.0,0.72,6.96,0.14367816091954022,0.0001172,27.0,2720.0,1790.2477147031916,1790.2477147031916,10T-DE-NL-00005N,Maasbracht - Oberzier SELFK WS,Tielines_New,22
tieline,DE6-NL6,DE,NL,DE,NL,380.0,0.495,4.935,0.2026342451874367,8.159999999999999e-05,19.0,2720.0,1790.2477147031916,1790.2477147031916,10T-DE-NL-00006L,Maasbracht - Siersdorf SELFK SW,Tielines_New,23
tieline,CH1-DE1,DE,CH,DE,CH,220.0,0.245,1.91,0.5235602094240838,1.6199999999999997e-05,5.0,1093.0,416.4889371880122,416.4889371880122,10T-CH-DE-000034,Beznau - Tiengen AARE O,Tielines_New,24
tieline,CH2-DE2,DE,CH,DE,CH,380.0,0.157,1.707,0.5858230814294083,1.8399999999999997e-05,5.0,2187.0,1439.4381441381909,1439.4381441381909,10T-CH-DE-000026,Beznau - Tiengen AARE W,Tielines_New,25
tieline,CH3-DE3,DE,CH,DE,CH,380.0,0.403,3.599,0.2778549597110308,4.179999999999999e-05,12.0,2140.0,1408.503716715011,1408.503716715011,10T-CH-DE-000131,Laufenburg - Tiengen ANDLSB,Tielines_New,26
tieline,AT1-CZ1,AT,CZ,DUERNROHR,CZ,380.0,1.0335,14.265,0.07010164738871363,0.0001873802,53.34,2250.0,1480.90344047139,1480.90344047139,10T-AT-CZ-00003X,Duernrohr - Slavetice 437,Tielines_New,27
tieline,AT2-CZ2,AT,CZ,DUERNROHR,CZ,380.0,1.0335,14.265,0.07010164738871363,0.0001873802,53.34,2250.0,1480.90344047139,1480.90344047139,10T-AT-CZ-00004V,Duernrohr - Slavetice 438,Tielines_New,28
tieline,AT5-DE5,AT,DE,ST PETER,DE,220.0,0.134,0.698,1.4326647564469914,9.364e-06,1.9,1350.0,514.4190898479566,514.4190898479566,10T-AT-DE-000029,St.Peter - Pirach 256,Tielines_New,29
tieline,AT6-DE6,AT,DE,ST PETER,DE,220.0,0.134,0.698,1.4326647564469914,9.364e-06,1.9,1350.0,514.4190898479566,514.4190898479566,10T-AT-DE-000037,St.Peter - Pleinting 258,Tielines_New,30
tieline,AT7-DE7,AT,DE,ST PETER,DE,220.0,0.147,0.757,1.321003963011889,5.525999999999999e-06,1.9,1320.0,502.98755451800196,502.98755451800196,10T-AT-DE-00001B,St.Peter - Altheim 233/230,Tielines_New,31
tieline,AT8-DE8,AT,DE,ST PETER,DE,220.0,0.147,0.757,1.321003963011889,5.525999999999999e-06,1.9,1320.0,502.98755451800196,502.98755451800196,10T-AT-DE-000045,St.Peter - Simbach 234/230,Tielines_New,32
tieline,AT1-SI1,AT,SI,OBERSIELACH,SI,220.0,1.99,13.44,0.0744047619047619,9.303826999999999e-05,19.6,920.0,350.56708345194073,350.56708345194073,10T-AT-SI-00003P,Obersielach - Podlog 247,Tielines_New,33
tieline,AT3-CZ3,AT,CZ,ZAYA,CZ,220.0,2.544,12.57,0.07955449482895784,8.246680000000001e-05,13.67,800.0,304.8409421321224,304.8409421321224,10T1001C--001215,Zaya - Sokolnice 243,Tielines_New,34
tieline,AT4-CZ4,AT,CZ,ZAYA,CZ,220.0,2.544,12.57,0.07955449482895784,8.246680000000001e-05,13.67,800.0,304.8409421321224,304.8409421321224,10T1001C--001223,Zaya - Sokolnice 244,Tielines_New,35
tieline,AT2-SI2,AT,SI,KAINACHTAL,SI,380.0,0.725,9.05,0.11049723756906077,0.00010599729999999999,33.7,1920.0,1263.7042692022528,1263.7042692022528,10T-AT-SI-00001T,Kainachtal - Maribor 473,Tielines_New,36
tieline,AT3-SI3,AT,SI,KAINACHTAL,SI,380.0,0.725,9.05,0.11049723756906077,0.00010599729999999999,33.7,1920.0,1263.7042692022528,1263.7042692022528,10T-AT-SI-00002R,Kainachtal - Maribor 474,Tielines_New,37
tieline,AT1-IT1,AT,IT,LIENZ,IT,220.0,4.279,21.83,0.04580852038479157,0.000245872,25.9,704.0,268.2600290762677,268.2600290762677,10T-AT-IT-00001V,Lienz - Auronzo 261,Tielines_New,38
tieline,AT9-DE9,AT,DE,MEININGEN,DE,220.0,0.37,4.49,0.22271714922048996,5.230751e-05,28.9,2040.0,777.3444024369121,777.3444024369121,10T-AT-DE-000231,Meiningen - Buers  406A,Tielines_New,39
tieline,AT1-CH1,AT,CH,MEININGEN,CH,220.0,0.0414,0.5295,1.8885741265344667,5.6405e-06,2.4,2400.0,914.5228263963671,914.5228263963671,10T-AT-CH-00003T,Meiningen - Ruethi 407,Tielines_New,40
tieline,AT2-CH2,AT,CH,MEININGEN,CH,220.0,0.0339,0.5095,1.9627085377821396,5.78512e-06,2.4,2400.0,914.5228263963671,914.5228263963671,10T-AT-CH-00004R,Meiningen - Ruethi 408,Tielines_New,41
tieline,AT3-CH3,AT,CH,NAUDERS,CH,380.0,0.435,5.202,0.1922337562475971,1.4481999999999998e-05,2.9,2300.0,1513.8124058151984,1513.8124058151984,10T1001C--00133Z,Nauders - Pradella 429,Tielines_New,42
tieline,AT4-CH4,AT,CH,NAUDERS,CH,380.0,0.435,5.202,0.1922337562475971,1.4481999999999998e-05,2.9,2300.0,1513.8124058151984,1513.8124058151984,10T1001C--001320,Nauders - Pradella 430,Tielines_New,43
tieline,AT1-HU1,AT,HU,NEUSIEDL,HU,220.0,3.325,17.105,0.05846243788365975,0.00011374129999999999,22.7,810.0,308.65145390877393,308.65145390877393,10T-AT-HU-00001W,Neusiedl - Gyoer 246B,Tielines_New,44
tieline,AT10-DE10,AT,DE,WALGAUWERK,DE,220.0,0.185,2.24,0.4464285714285714,2.591813e-05,34.5,2040.0,777.3444024369121,777.3444024369121,10T-AT-DE-10024U,Walgauwerk - Buers  405A,Tielines_New,45
tieline,AT11-DE11,AT,DE,WESTTIROL,DE,380.0,0.99,14.25,0.07017543859649122,0.00016870349999999998,92.0,2300.0,1513.8124058151984,1513.8124058151984,10T-AT-DE-000061,Westtirol - Buers  422,Tielines_New,46
tieline,AT12-DE12,AT,DE,WESTTIROL,DE,380.0,1.33,10.65,0.09389671361502347,0.0001779712,47.0,2392.0,1574.3649020478065,1574.3649020478065,10T-AT-DE-10007U,Westtirol - Leupolz 412,Tielines_New,47
tieline,AT13-DE13,AT,DE,WESTTIROL,DE,220.0,2.2525,19.978,0.05005506056662328,0.00108125,47.0,1795.0,683.9868639089495,683.9868639089495,10T1001C--00037V,Westtirol - Voehringen 411,Tielines_New,48
tieline,AT2-HU2,AT,HU,WIEN SUEDOST,HU,220.0,4.992,25.665,0.03896356906292617,0.0001707455,63.1,810.0,308.65145390877393,308.65145390877393,10T-AT-HU-00002U,Wien Suedost - Gyoer 245,Tielines_New,49
tieline,AT3-HU3,AT,HU,ZURNDORF,HU,380.0,0.745,10.355,0.09657170449058425,0.0001282555,8.9,2000.0,1316.3586137523466,1316.3586137523466,10T-AT-HU-00003S,Zurndorf - Gyoer 439B,Tielines_New,50
tieline,AT4-HU4,AT,HU,ZURNDORF,HU,380.0,1.865,20.85,0.047961630695443645,0.0002516415,8.9,2000.0,1316.3586137523466,1316.3586137523466,10T-AT-HU-00004Q,Zurndorf - Szombathely 440B,Tielines_New,51
tieline,CZ3-DE3,CZ,DE,CZ,DE,380.0,1.68,21.86,0.04574565416285453,0.0003425,129.2,2000.0,1316.3586137523466,1316.3586137523466,10T-CZ-DE-00001W,Hradec - Etzenricht,Tielines_New,52
tieline,CZ4-DE4,CZ,DE,CZ,DE,380.0,1.18,14.5,0.06896551724137931,0.00022549999999999998,75.7,2400.0,1579.630336502816,1579.630336502816,10T-CZ-DE-00004Q,Prestice - Etzenricht,Tielines_New,53
tieline,CZ1-SK1,CZ,SK,CZ,SK,220.0,3.95,19.25,0.05194805194805195,0.00012049999999999999,61.4,655.0,249.5885213706752,249.5885213706752,10T-CZ-SK-00001Y,Liskovec - P. Bystrica,Tielines_New,54
tieline,CZ2-SK2,CZ,SK,CZ,SK,380.0,1.3,15.74,0.06353240152477764,0.0002305,56.6,2000.0,1316.3586137523466,1316.3586137523466,10T-CZ-SK-00005Q,Sokolnice - Stupava,Tielines_New,55
tieline,CZ3-SK3,CZ,SK,CZ,SK,380.0,1.248,12.992,0.07697044334975368,0.00016649999999999998,54.38,2000.0,1316.3586137523466,1316.3586137523466,10T-CZ-SK-00007M,Sokolnice - Senica,Tielines_New,56
tieline,AT5-CZ5,CZ,AT,CZ,ZAYA,220.0,2.55,12.57,0.07955449482895784,0.0001715,50.8,900.0,342.9460598986377,342.9460598986377,10T-AT-CZ-000010,Sokolnice - Zaya - V243,Tielines_New,57
tieline,AT6-CZ6,CZ,AT,CZ,ZAYA,220.0,2.55,12.57,0.07955449482895784,0.0001715,50.8,900.0,342.9460598986377,342.9460598986377,10T-AT-CZ-00002Z,Sokolnice - Zaya - V244,Tielines_New,58
tieline,AT7-CZ7,CZ,AT,CZ,DUERNROHR,380.0,1.04,14.27,0.0700770847932726,0.0001875,42.8,3150.0,2073.264816659946,2073.264816659946,10T-AT-CZ-00003X,Slavetice - Durnrohr - V437,Tielines_New,59
tieline,AT8-CZ8,CZ,AT,CZ,DUERNROHR,380.0,1.04,14.27,0.0700770847932726,0.0001875,42.8,3150.0,2073.264816659946,2073.264816659946,10T-AT-CZ-00004V,Slavetice - Durnrohr - V438,Tielines_New,60
tieline,CZ4-SK4,CZ,SK,CZ,SK,380.0,1.06,11.95,0.08368200836820085,0.00013099999999999999,40.4,1720.0,1132.068407827018,1132.068407827018,10T-CZ-SK-00002W,Nosovice - Varin,Tielines_New,61
tieline,CZ1-PL1,CZ,PL,CZ,PL,380.0,1.952,20.496,0.048790007806401255,0.0002488,38.8,2000.0,1316.3586137523466,1316.3586137523466,10T-CZ-PL-00004A,Nosovice - Wielopole,Tielines_New,62
tieline,CZ5-DE5,CZ,DE,CZ,DE,380.0,1.23,10.94,0.09140767824497258,0.00017449999999999999,29.6,2400.0,1579.630336502816,1579.630336502816,10T-CZ-DE-00002U,Hradec - Rohrsdorf - V445,Tielines_New,63
tieline,CZ6-DE6,CZ,DE,CZ,DE,380.0,1.23,10.94,0.09140767824497258,0.00017449999999999999,29.6,2400.0,1579.630336502816,1579.630336502816,10T-CZ-DE-00003S,Hradec - Rohrsdorf - V446,Tielines_New,64
tieline,CZ2-PL2,CZ,PL,CZ,PL,220.0,3.01,16.84,0.05938242280285036,0.000112,23.4,1050.0,400.10373654841067,400.10373654841067,10T-CZ-PL-00002E,Liskovec - Bujakow,Tielines_New,65
tieline,CZ3-PL3,CZ,PL,CZ,PL,220.0,2.92,16.71,0.059844404548174746,0.00011899999999999999,23.4,1050.0,400.10373654841067,400.10373654841067,10T-CZ-PL-00003C,Liskovec - Kopanina,Tielines_New,66
tieline,CZ4-PL4,CZ,PL,CZ,PL,380.0,2.34,24.51,0.04079967360261118,0.00029749999999999997,2.44,2000.0,1316.3586137523466,1316.3586137523466,10T1001A1001A09N,Detmarovice - Dobrzen,Tielines_New,67
tieline,DE5-LU5,LU,DE,LU,DE,220.0,1.88,9.27,0.10787486515641856,0.00023562,45.0,1290.0,491.55601918804734,491.55601918804734,10T1001C--00135V,Blooren - Niederstedem Süd,Tielines_New,68
tieline,DE6-LU6,LU,DE,LU,DE,220.0,1.46,7.43,0.13458950201884254,6.282999999999999e-05,26.0,1290.0,491.55601918804734,491.55601918804734,10T-LU-DE-00003C,Heisdorf Quint Nord,Tielines_New,69
tieline,DE7-LU7,LU,DE,LU,DE,220.0,0.24,1.51,0.6622516556291391,1.948e-05,5.0,1290.0,491.55601918804734,491.55601918804734,10T-LU-DE-00001G,Flebour Bauler Nord,Tielines_New,70
tieline,DE8-LU8,LU,DE,LU,DE,220.0,0.24,1.51,0.6622516556291391,1.948e-05,5.0,1290.0,491.55601918804734,491.55601918804734,10T1001C--00096F,Flebour Bauler Süd,Tielines_New,71
tieline,BE1-LU1,LU,BE,LU,BE,220.0,0.0,0.05,20.0,1.8999999999999998e-07,0.1,982.0,374.19225646718024,374.19225646718024,10T-BE-LU-000011,Schifflange PST-Schifflange,Tielines_New,72
tieline,HU1-SI1,SI,HU,SI,HU,380.0,2.0246,22.964,0.043546420484236195,0.0002889506,67.8,1600.0,1053.0868910018773,1053.0868910018773,10T1001C--00101B,Cirkovce - Hevitz,Tielines_New,73
tieline,AT4-SI4,SI,AT,SI,OBERSIELACH,220.0,1.991,13.555,0.07377351530800443,7.855614e-05,32.75,960.0,365.8091305585468,365.8091305585468,10T-AT-SI-00003P,Podlog - Obersielach,Tielines_New,74
tieline,AT5-SI5,SI,AT,SI,KAINACHTAL,380.0,0.718,9.0285,0.1107603699396356,0.0001058701,28.82,1920.0,1263.7042692022528,1263.7042692022528,10T-AT-SI-00001T,Maribor - Kainachtal,Tielines_New,75
tieline,AT6-SI6,SI,AT,SI,KAINACHTAL,380.0,0.718,9.0285,0.1107603699396356,0.0001058701,28.82,1920.0,1263.7042692022528,1263.7042692022528,10T-AT-SI-00002R,Maribor - Kainachtal,Tielines_New,76
tieline,IT1-SI1,SI,IT,SI,IT,380.0,0.6053,7.145,0.13995801259622115,9.675005e-05,24.35,2688.0,1769.185976883154,1769.185976883154,10T-IT-SI-000025,Divaca - Redipuglia,Tielines_New,77
tieline,IT2-SI2,SI,IT,SI,IT,220.0,0.3405,2.389,0.41858518208455425,1.602211e-05,5.76,960.0,365.8091305585468,365.8091305585468,10T-IT-SI-000017,Divaca - Padriciano,Tielines_New,78
tieline,BE1-FR1,BE,FR,BE,FR,380.0,0.65365,11.80415,0.08471596853648929,0.0001426495,38.45,4400.0,2895.9889502551628,2895.9889502551628,10T-BE-FR-10004U,AVELGEM – MASTAING 380.79,Tielines_New,79
tieline,BE2-FR2,BE,FR,BE,FR,380.0,0.78435,9.541349,0.10480698274426394,9.412198999999999e-05,31.5,2238.88,1473.584486578927,1473.584486578927,10T-BE-FR-000015,ACHENE – LONNY 380.19,Tielines_New,80
tieline,BE3-FR3,BE,FR,BE,FR,220.0,1.585,5.7325,0.17444395987788924,3.816802e-05,27.3,1184.96,451.53040348609966,451.53040348609966,10T-BE-FR-00007U,CHOOZ – MONCEAU 220.48,Tielines_New,81
tieline,BE4-FR4,BE,FR,BE,FR,380.0,0.3843,6.5545,0.1525669387443741,7.92085e-05,21.35,4400.0,2895.9889502551628,2895.9889502551628,10T-BE-FR-000031,AVELGEM – AVELIN 380.80,Tielines_New,82
tieline,BE2-LU2,BE,LU,BE,LU,220.0,0.5301,2.9287,0.34144842421552224,0.00037954899999999997,11.876,1050.0,400.10373654841067,400.10373654841067,22T201907102---7,Y – SCHIFFLANGE (– AUBANGE – SANEM) 220.512,Tielines_New,83
tieline,BE3-LU3,BE,LU,BE,LU,220.0,0.58373,4.23675,0.2360299758069275,2.610859e-05,9.415,1176.0,448.11618493421986,448.11618493421986,22T201907102---7,Y – AUBANGE (– SCHIFFLANGE – SANEM) 220.512,Tielines_New,84
tieline,BE5-FR5,BE,FR,BE,FR,220.0,0.440385,3.475195,0.2877536368462777,1.371395e-05,7.85,1299.2,495.0616900225668,495.0616900225668,10T-BE-FR-000023,AUBANGE – MOULAINE 220.513,Tielines_New,85
tieline,BE1-NL1,BE,NL,BE,NL,380.0,0.1365705,1.57575,0.6346184356655561,2.2879999999999998e-05,5.5,2448.32,1611.4335606110728,1611.4335606110728,10T-BE-NL-00002G,MAASBRACHT – VAN EYCK BLACK/27,Tielines_New,86
tieline,BE2-NL2,BE,NL,BE,NL,380.0,0.138358,1.577807,0.6337910783765062,2.295722e-05,5.5,2238.88,1473.584486578927,1473.584486578927,10T-BE-NL-00001I,MAASBRACHT – VAN EYCK WHITE/28,Tielines_New,87
tieline,BE3-NL3,BE,NL,BE,NL,380.0,0.0799,1.0667,0.9374707040404987,1.277574e-05,3.4745,4000.0,2632.7172275046933,2632.7172275046933,10T-BE-NL-00003E,RILLAND – ZANDVLIET GREY/29,Tielines_New,88
tieline,BE4-NL4,BE,NL,BE,NL,380.0,0.0799,1.0667,0.9374707040404987,1.277574e-05,3.4745,4000.0,2632.7172275046933,2632.7172275046933,10T-BE-NL-00004C,RILLAND – ZANDVLIET WHITE/30,Tielines_New,89
tieline,BE6-FR6,BE,FR,BE,FR,220.0,0.106812,0.8065661,1.2398239896271366,6.263594999999999e-06,1.935,1299.2,495.0616900225668,495.0616900225668,10T-BE-FR-00008S,AUBANGE – MONT-SAINT-MARTIN 220.514,Tielines_New,90
tieline,BE4-LU4,BE,LU,BE,LU,220.0,0.08810049,0.3079408,3.2473774179972255,2.137795e-06,1.519,1161.0,442.4004172692426,442.4004172692426,22T201907102---7,Y – SANEM (– AUBANGE – SCHIFFLANGE) 220.512,Tielines_New,91
tieline,BE5-LU5,BE,LU,BE,LU,220.0,0.218,1.124,0.889679715302491,1.431182e-05,1.0,1290.0,491.55601918804734,491.55601918804734,22T20211201R---K,BELVAL-OXYLUX,Tielines_New,92
tieline,BE2-DE2,BE,DE,BE,DE,380.0,0.0009,0.05,20.0,7.4455749999999994e-06,0.1,1635.0,1076.1231667425434,1076.1231667425434,22T201903146---W,ALEGRO HVDC,Tielines_New,93
tieline,AT5-HU5,HU,AT,HU,ZURNDORF,380.0,1.769,19.46,0.051387461459403906,0.00023531,125.9,2000.0,1316.3586137523466,1316.3586137523466,10T-AT-HU-00004Q,Szombathely - Zurndorf,Tielines_New,94
tieline,HU2-SI2,HU,SI,HU,SI,380.0,1.337,17.737,0.056379320065400015,0.0002872986482,68.185,1600.0,1053.0868910018773,1053.0868910018773,10T1001C--00101B,Heviz - Cirkovce,Tielines_New,95
tieline,AT6-HU6,HU,AT,HU,ZURNDORF,380.0,0.744,10.44,0.09578544061302682,0.00012818,59.0,2000.0,1316.3586137523466,1316.3586137523466,10T-AT-HU-00003S,Gyor - Zurndorf,Tielines_New,96
tieline,AT7-HU7,HU,AT,HU,NEUSIEDL,220.0,3.3,17.15,0.05830903790087464,0.00010964,58.9,600.0,228.63070659909178,228.63070659909178,10T-AT-HU-00001W,Gyor - Neusiedl,Tielines_New,97
tieline,AT8-HU8,HU,AT,HU,WIEN SUEDOST,220.0,4.955,25.63,0.03901677721420211,0.00016525,58.9,600.0,228.63070659909178,228.63070659909178,10T-AT-HU-00002U,Gyor - Wien,Tielines_New,98
tieline,HU1-SK1,HU,SK,HU,SK,380.0,1.255,14.1,0.07092198581560284,0.00015456999999999998,51.0,2000.0,1316.3586137523466,1316.3586137523466,10T-HU-SK-00001T,Levice - God,Tielines_New,99
tieline,HU2-SK2,HU,SK,HU,SK,380.0,0.575,6.87,0.14556040756914118,8.168e-05,29.8,2000.0,1316.3586137523466,1316.3586137523466,10T-HU-SK-00002R,Gyor - Gabcikovo,Tielines_New,100
tieline,HU3-SK3,HU,SK,HU,SK,380.0,0.624,7.28,0.13736263736263735,9.551e-05,23.39,2000.0,1316.3586137523466,1316.3586137523466,10T1001C--00054V,Sajoivanka - Rimavska Sobota,Tielines_New,101
tieline,HU4-SK4,HU,SK,HU,SK,380.0,0.4,4.9,0.2040816326530612,7.056e-05,0.98,2000.0,1316.3586137523466,1316.3586137523466,10T1001C--00056R,Gonyu - Gabcikovo,Tielines_New,102
tieline,HU5-SK5,HU,SK,HU,SK,380.0,1.088,13.57,0.07369196757553427,0.00019747999999999999,0.98,2000.0,1316.3586137523466,1316.3586137523466,10T1001C--00055T,Gonyu - Velky Dur,Tielines_New,103
tieline,CZ5-PL5,PL,CZ,PL,CZ,380.0,3.9,42.59,0.0234796900680911,0.00047018,133.6,2120.0,1395.3401305774876,1395.3401305774876,10T1001A1001A09N,DOBRZEN-DETMAROVICE,Tielines_New,104
tieline,CZ6-PL6,PL,CZ,PL,CZ,220.0,2.9234,17.555,0.05696382796923953,0.0001183678,62.213,1050.0,400.10373654841067,400.10373654841067,10T-CZ-PL-00003C,KOPANINA-LISKOWIEC,Tielines_New,105
tieline,CZ7-PL7,PL,CZ,PL,CZ,220.0,3.0105,16.838,0.059389476184820045,0.00011200409999999999,61.977,1050.0,400.10373654841067,400.10373654841067,10T-CZ-PL-00002E,BUJAKOW-LISKOWIEC,Tielines_New,106
tieline,CZ8-PL8,PL,CZ,PL,CZ,380.0,1.344,12.816,0.0780274656679151,0.0001609,48.115,2000.0,1316.3586137523466,1316.3586137523466,10T-CZ-PL-00004A,WIELOPOLE-NOSOVICE,Tielines_New,107
tieline,PL1-SK1,PL,SK,PL,SK,380.0,3.57,35.34,0.028296547821165814,0.00023099999999999998,42.55,2000.0,1316.3586137523466,1316.3586137523466,10T-PL-SK-00002U,KROSNO-LEMESANY 2,Tielines_New,108
tieline,PL2-SK2,PL,SK,PL,SK,380.0,3.57,35.34,0.028296547821165814,0.00023099999999999998,42.51,2000.0,1316.3586137523466,1316.3586137523466,10T-PL-SK-00001W,KROSNO-LEMESANY 1,Tielines_New,109
tieline,DE5-PL5,PL,DE,PL,DE,380.0,0.352,3.888,0.257201646090535,5.05e-05,12.85,2380.0,1566.4667503652925,1566.4667503652925,10T-DE-PL-000047,KRAJNIK-VIERRADEN c.1,Tielines_New,110
tieline,DE6-PL6,PL,DE,PL,DE,380.0,0.352,3.888,0.257201646090535,5.05e-05,12.84,2380.0,1566.4667503652925,1566.4667503652925,10T-DE-PL-000039,KRAJNIK-VIERRADEN c.2,Tielines_New,111
tieline,DE7-PL7,PL,DE,PL,DE,380.0,0.224,2.32,0.4310344827586207,3.025e-05,12.02,2380.0,1566.4667503652925,1566.4667503652925,10T-DE-PL-00002B,MIKULOWA-HAGENWERDER,Tielines_New,112
tieline,DE8-PL8,PL,DE,PL,DE,380.0,0.224,2.304,0.4340277777777778,2.8368699999999998e-05,11.953,2380.0,1566.4667503652925,1566.4667503652925,10T-DE-PL-00001D,MIKULOWA-HAGENWERDER,Tielines_New,113
tieline,FR1-IT1,FR,IT,FR,IT,380.0,3.028,53.581,0.018663332151322296,0.000946954,173.27,2370.0,1559.8849572965307,1559.8849572965307,10T-FR-IT-00001U,LIT 400KV N0 1 RONDISSONE - ALBERTVILLE,Tielines_New,114
tieline,FR2-IT2,FR,IT,FR,IT,380.0,3.029,53.551,0.018673787604339787,0.0009469799999999999,173.233,2370.0,1559.8849572965307,1559.8849572965307,10T-FR-IT-00002S,LIT 400KV N0 2 RONDISSONE - ALBERTVILLE,Tielines_New,115
tieline,BE7-FR7,FR,BE,FR,BE,380.0,1.885,22.003,0.045448347952551926,0.000308932,76.148,4325.0,2846.62550223945,2846.62550223945,10T-BE-FR-10004U,LIT 400kV N0 1 AVELGEM - MASTAING,Tielines_New,116
tieline,BE8-FR8,FR,BE,FR,BE,380.0,1.57,19.76,0.05060728744939271,0.000244,64.164,2240.0,1474.3216474026283,1474.3216474026283,10T-BE-FR-000015,LIT 400kV N0 1 ACHENE - LONNY,Tielines_New,117
tieline,BE9-FR9,FR,BE,FR,BE,220.0,3.085,22.481,0.044482007028157106,0.00010886199999999999,57.994,1184.0,451.1645943555411,451.1645943555411,10T-BE-FR-00007U,LIT 225kV N0 1 MONCEAU - CHOOZ,Tielines_New,118
tieline,DE4-FR4,FR,DE,FR,DE,380.0,0.736,10.275,0.097323600973236,0.00017881,40.209,2720.0,1790.2477147031916,1790.2477147031916,10T-DE-FR-00005A,LIT 400kV N0 1 ENSDORF - VIGY,Tielines_New,119
tieline,DE5-FR5,FR,DE,FR,DE,380.0,0.735,10.272,0.09735202492211838,0.000178746,40.195,2720.0,1790.2477147031916,1790.2477147031916,10T-DE-FR-000068,LIT 400kV N0 2 ENSDORF - VIGY,Tielines_New,120
tieline,DE6-FR6,FR,DE,FR,DE,380.0,0.763,8.205,0.1218769043266301,7.021399999999999e-05,31.792,2850.0,1875.811024597094,1875.811024597094,10T-DE-FR-00002G,LIT 400kV N0 1 EICHSTETTEN - MUHLBACH,Tielines_New,121
tieline,FR3-IT3,FR,IT,FR,IT,380.0,0.96,11.59,0.08628127696289906,8.692199999999999e-05,29.308,2715.0,1786.9568181688105,1786.9568181688105,10T-FR-IT-00003Q,LIT 400KV N0 1 VENAUS - VILLARODIN,Tielines_New,122
tieline,DE7-FR7,FR,DE,FR,DE,220.0,1.671,7.682,0.1301744337412132,9.976999999999999e-05,20.319,740.0,281.9778714722132,281.9778714722132,10T-DE-FR-00004C,LIT 225kV N0 1 ENSDORF - ST-AVOLD,Tielines_New,123
tieline,BE10-FR10,FR,BE,FR,BE,380.0,1.068,13.566,0.07371369600471767,0.000154952,19.619,4325.0,2846.62550223945,2846.62550223945,10T-BE-FR-000031,LIT 400kV N0 2 AVELGEM - AVELIN,Tielines_New,124
tieline,DE8-FR8,FR,DE,FR,DE,220.0,1.073,5.952,0.16801075268817203,1.017e-05,18.417,1283.0,488.88866094439123,488.88866094439123,10T-DE-FR-00003E,LIT 225kV N0 1 EICHSTETTEN - VOGELGRUN,Tielines_New,125
tieline,BE11-FR11,FR,BE,FR,BE,220.0,0.791,6.325,0.15810276679841898,4.251e-05,15.204,1300.0,495.3665309646989,495.3665309646989,10T-BE-FR-000023,LIT 225kV N0 1 AUBANGE - MOULAINE,Tielines_New,126
tieline,FR4-IT4,FR,IT,FR,IT,220.0,0.73,4.42,0.22624434389140272,3.0833999999999997e-05,10.893,1165.0,443.92462197990324,443.92462197990324,10T-FR-IT-00004O,LIT 225KV N0 1 CAMPOROSSO - MENTO / .CAM,Tielines_New,127
tieline,BE12-FR12,FR,BE,FR,BE,220.0,0.235,1.879,0.532197977647685,1.2631999999999999e-05,4.518,1300.0,495.3665309646989,495.3665309646989,10T-BE-FR-00008S,LIT 225kV N0 1 AUBANGE - MT-SAINT-MARTIN,Tielines_New,128
tieline,HU6-SK6,SK,HU,SK,HU,380.0,1.111,13.231,0.07558007709167863,0.000203533,95.5,2000.0,1316.3586137523466,1316.3586137523466,10T1001C--00055T,V.Dur - Gonyu,Tielines_New,129
tieline,PL3-SK3,SK,PL,SK,PL,380.0,1.739,17.763,0.05629679671226707,0.00025533,79.22,2000.0,1316.3586137523466,1316.3586137523466,10T-PL-SK-00001W,Lemesany - Krosno 1,Tielines_New,130
tieline,PL4-SK4,SK,PL,SK,PL,380.0,1.735,17.752,0.05633168093735917,0.00025533,79.22,2000.0,1316.3586137523466,1316.3586137523466,10T-PL-SK-00002U,Lemesany - Krosno 2,Tielines_New,131
tieline,CZ5-SK5,SK,CZ,SK,CZ,380.0,1.789,19.382,0.051594262717985756,0.000234115,71.43,2000.0,1316.3586137523466,1316.3586137523466,10T-CZ-SK-00003U,Krizovany - Sokolnice,Tielines_New,132
tieline,CZ6-SK6,SK,CZ,SK,CZ,380.0,1.165,14.897,0.06712760958582265,0.000210455,54.13,2000.0,1316.3586137523466,1316.3586137523466,10T-CZ-SK-00005Q,Sokolnice - Stupava,Tielines_New,133
tieline,HU7-SK7,SK,HU,SK,HU,380.0,1.247,14.034,0.07125552230297848,0.000155862,36.22,2000.0,1316.3586137523466,1316.3586137523466,10T-HU-SK-00001T,Levice - God,Tielines_New,134
tieline,CZ7-SK7,SK,CZ,SK,CZ,380.0,1.133,11.261,0.08880206020779682,0.000139166,34.69,2000.0,1316.3586137523466,1316.3586137523466,10T-CZ-SK-00002W,Nosovice - Varin,Tielines_New,135
tieline,CZ8-SK8,SK,CZ,SK,CZ,220.0,4.06,20.7,0.04830917874396135,0.00012404999999999998,33.73,835.0,318.1777333504027,318.1777333504027,10T-CZ-SK-00001Y,Liskovec - P. Bystrica,Tielines_New,136
tieline,HU8-SK8,SK,HU,SK,HU,380.0,0.388,4.621,0.2164033758926639,7.0537e-05,33.0,2000.0,1316.3586137523466,1316.3586137523466,10T1001C--00056R,Gabcikovo - Gonyu,Tielines_New,137
tieline,HU9-SK9,SK,HU,SK,HU,380.0,0.694,8.072,0.12388503468780973,9.002899999999999e-05,27.8,2000.0,1316.3586137523466,1316.3586137523466,10T1001C--00054V,R.Sobota - Sajoivanka,Tielines_New,138
tieline,HU10-SK10,SK,HU,SK,HU,380.0,0.565,6.709,0.14905351021016547,5.8006e-05,13.7,2000.0,1316.3586137523466,1316.3586137523466,10T-HU-SK-00002R,Gabcikovo - Gyor,Tielines_New,139
tieline,DE7-NL7,NL,DE,NL,DE,380.0,0.4789,7.2212,0.13848113886888608,0.0001314207,22.18,4000.0,2632.7172275046933,2632.7172275046933,10T1001C--000235,Doetinchem-Niederrhein 380 W,Tielines_New,140
tieline,DE8-NL8,NL,DE,NL,DE,380.0,0.4708,7.1976,0.1389352006224297,0.0001307829,22.18,4000.0,2632.7172275046933,2632.7172275046933,10T-DE-NL-00007J,Doetinchem-Niederrhein 380 Z,Tielines_New,141
tieline,DE9-NL9,NL,DE,NL,DE,380.0,0.3264,3.7075,0.26972353337828725,5.297226e-05,16.5,1520.0,1000.4325464517834,1000.4325464517834,10T-DE-NL-00002T,Diele-Meeden 380 W,Tielines_New,142
tieline,DE10-NL10,NL,DE,NL,DE,380.0,0.3264,3.7075,0.26972353337828725,5.297226e-05,16.5,1520.0,1000.4325464517834,1000.4325464517834,10T-DE-NL-00001V,Diele-Meeden 380 Z,Tielines_New,143
tieline,DE11-NL11,NL,DE,NL,DE,380.0,0.3,2.9001,0.3448156960104824,4.5521389999999993e-05,16.4,3100.0,2040.3558513161374,2040.3558513161374,10T-DE-NL-00003R,Gronau-Hengelo 380 W,Tielines_New,144
tieline,DE12-NL12,NL,DE,NL,DE,380.0,0.3,2.9001,0.3448156960104824,4.5521389999999993e-05,16.4,3100.0,2040.3558513161374,2040.3558513161374,10T-DE-NL-00004P,Gronau-Hengelo 380 Z,Tielines_New,145
tieline,DE13-NL13,NL,DE,NL,DE,380.0,0.7259,7.1484,0.13989144423927033,0.0001204381,10.5,2875.0,1892.2655072689984,1892.2655072689984,10T-DE-NL-00005N,Maasbracht-Oberzier 380 W,Tielines_New,146
tieline,DE14-NL14,NL,DE,NL,DE,380.0,0.4985,4.8831,0.20478794208596998,8.180093e-05,10.5,2875.0,1892.2655072689984,1892.2655072689984,10T-DE-NL-00006L,Maasbracht-Siersdorf 380 Z,Tielines_New,147
tieline,BE5-NL5,NL,BE,NL,BE,380.0,0.1386,1.578,0.6337135614702154,2.2957e-05,8.1,2875.0,1892.2655072689984,1892.2655072689984,10T-BE-NL-00002G,Maasbracht-Van Eyck 380 W,Tielines_New,148
tieline,BE6-NL6,NL,BE,NL,BE,380.0,0.1364,1.5757,0.6346385733324871,2.28371e-05,8.1,2875.0,1892.2655072689984,1892.2655072689984,10T-BE-NL-00001I,Maasbracht-Van Eyck 380 Z,Tielines_New,149
tieline,BE7-NL7,NL,BE,NL,BE,380.0,0.0945,0.9763,1.0242753252074157,6.655464e-06,6.6,3100.0,2040.3558513161374,2040.3558513161374,10T-BE-NL-00003E,Rilland-Zandvliet 380 G,Tielines_New,150
tieline,BE8-NL8,NL,BE,NL,BE,380.0,0.0886,0.9763,1.0242753252074157,6.736096e-06,6.6,3100.0,2040.3558513161374,2040.3558513161374,10T-BE-NL-00004C,Rilland-Zandvliet 380 W,Tielines_New,151
tieline,CH4-DE4,DE,CH,DE,CH,380.0,2.89,24.98,0.040032025620496396,0.00043457999999999995,55.4,2530.0,1665.1936463967183,1665.1936463967183,11T0-0000-1937-I,Asphard - Eichstetten rt/sw,Tielines_New,152
tieline,AT14-DE14,DE,AT,DE,MEININGEN,220.0,0.37,4.49,0.22271714922048996,5.239999999999999e-05,0.0,2040.0,777.3444024369121,777.3444024369121,10T-AT-DE-000231,Buers - Meiningen gn (406A),Tielines_New,153
tieline,AT15-DE15,DE,AT,DE,WALGAUWERK,220.0,0.19,2.24,0.4464285714285714,2.592e-05,0.0,2040.0,777.3444024369121,777.3444024369121,10T-AT-DE-10024U,Buers - Walgau or (405A),Tielines_New,154
tieline,AT16-DE16,DE,AT,DE,WESTTIROL,380.0,0.99,14.27,0.0700770847932726,0.00016869999999999998,0.0,1965.0,1293.3223380116806,1293.3223380116806,10T-AT-DE-000061,Buers - Westtirol rt (422),Tielines_New,155
tieline,AT17-DE17,DE,AT,DE,WESTTIROL,220.0,1.0,14.37,0.06958942240779402,0.00017012,0.0,2154.0,820.7842366907395,820.7842366907395,10T-AT-DE-000053,Buers - Westtirol ws (421),Tielines_New,156
tieline,DE9-FR9,DE,FR,DE,FR,380.0,0.38,4.1,0.24390243902439027,7.034e-05,17.38,3000.0,1974.53792062852,1974.53792062852,10T-DE-FR-00002G,Eichstetten - Muhlbach rt (Ill),Tielines_New,157
tieline,DE10-FR10,DE,FR,DE,FR,220.0,0.54,2.98,0.33557046979865773,3.252e-05,17.01,1302.0,496.12863332002917,496.12863332002917,10T-DE-FR-00003E,Eichstetten - Vogelgrun ge (Kaiserstuhl),Tielines_New,158
tieline,CH5-DE5,DE,CH,DE,CH,220.0,0.455,3.135,0.3189792663476874,0.0001164,21.76,1200.0,457.26141319818356,457.26141319818356,10T-CH-DE-00007X,Gurtweil - Laufenburg ge,Tielines_New,159
tieline,CH6-DE6,DE,CH,DE,CH,220.0,1.29,9.13,0.10952902519167579,0.00014197,22.18,1265.0,482.0297397464185,482.0297397464185,10T1001C--000227,Gurtweil - Oftringen bl,Tielines_New,160
tieline,CH7-DE7,DE,CH,DE,CH,380.0,0.13,1.1,0.9090909090909091,2.0170000000000002e-05,8.23,2400.0,1579.630336502816,1579.630336502816,10T-CH-DE-00008V,Kuehmoos - Laufenburg br,Tielines_New,161
tieline,CH8-DE8,DE,CH,DE,CH,380.0,0.13,1.11,0.9009009009009008,1.923e-05,8.8,2400.0,1579.630336502816,1579.630336502816,10T-CH-DE-00009T,Kuehmoos - Laufenburg ge (Seelbach),Tielines_New,162
tieline,CH9-DE9,DE,CH,DE,CH,380.0,0.14,1.13,0.8849557522123894,2.012e-05,8.29,2400.0,1579.630336502816,1579.630336502816,10T-CH-DE-000107,Kuehmoos - Laufenburg rt,Tielines_New,163
tieline,CH10-DE10,DE,CH,DE,CH,220.0,0.29,1.47,0.6802721088435374,2.6079999999999998e-05,8.58,1418.0,540.3305699291869,540.3305699291869,10T-CH-DE-000123,Kuehmoos - Laufenburg ws,Tielines_New,164
tieline,CH11-DE11,DE,CH,DE,CH,380.0,0.89,10.74,0.0931098696461825,0.0001819,81.5,2400.0,1579.630336502816,1579.630336502816,10T-CH-DE-000050,Laufenburg - Trossingen rt,Tielines_New,165
tieline,CH12-DE12,DE,CH,DE,CH,220.0,0.33,1.69,0.591715976331361,1.9949999999999997e-05,10.24,1520.0,579.1977900510325,579.1977900510325,10T-CH-DE-000115,Y-Kuehmoos (-Laufenburg - Lindenholz) bl,Tielines_New,166
tieline,CH13-DE13,DE,CH,DE,CH,220.0,0.45,3.1,0.3225806451612903,5.786999999999999e-05,22.86,1547.0,589.4861718479916,589.4861718479916,11T0-0000-1627-0,Y-Laufenburg (-Gurtweil - Stokach) rtge,Tielines_New,167
tieline,DE15-NL15,DE,NL,DE,NL,380.0,0.335,3.85,0.2597402597402597,5.497787e-05,9.72872,2500.0,1645.4482671904334,1645.4482671904334,10T-DE-NL-00001V,Diele - Meeden 380 schwarz,Tielines_New,168
tieline,DE16-NL16,DE,NL,DE,NL,380.0,0.3345,3.85,0.2597402597402597,5.497787e-05,9.72153,2500.0,1645.4482671904334,1645.4482671904334,10T-DE-NL-00002T,Diele - Meeden 380 weiss,Tielines_New,169
tieline,AT18-DE18,DE,AT,DE,VILL,220.0,1.11,6.4,0.15625,5.9636859999999995e-05,0.0,1572.0,599.0124512896205,599.0124512896205,10T1001C--000332,Silz - Vill - Thaur  273C,Tielines_New,170
tieline,AT19-DE19,DE,AT,DE,VILL,220.0,1.11,6.4,0.15625,5.9636859999999995e-05,0.0,1572.0,599.0124512896205,599.0124512896205,10T1001C--000324,Silz - Vill - Thaur 274C,Tielines_New,171
tieline,AT20-DE20,DE,AT,DE,ST PETER,220.0,2.3679,12.634,0.0791514959632737,0.0001662562,40.23753,2000.0,762.102355330306,762.102355330306,10T-AT-DE-000029,Pirach - St. Peter 256,Tielines_New,172
tieline,AT21-DE21,DE,AT,DE,ST PETER,220.0,2.5348,13.607,0.07349158521349305,0.000182715,46.44219,2000.0,762.102355330306,762.102355330306,10T-AT-DE-000037,Pleinting - St. Peter 258,Tielines_New,173
tieline,CZ7-DE7,DE,CZ,DE,CZ,380.0,1.185,14.522,0.06886103842445944,0.0002443908,33.7936,2265.0,1490.7761300745326,1490.7761300745326,10T-CZ-DE-00004Q,Prestice - Etzenricht 442,Tielines_New,174
tieline,AT22-DE22,DE,AT,DE,WESTTIROL,220.0,0.1,1.26,0.7936507936507936,1.479062e-05,7.838,2080.0,792.5864495435183,792.5864495435183,10T1001C--000340,Westtirol - Silz 274E,Tielines_New,175
tieline,AT23-DE23,DE,AT,DE,WESTTIROL,220.0,0.085,1.14,0.8771929824561404,1.552261e-05,7.831,2080.0,792.5864495435183,792.5864495435183,10T1001C--00035Z,Westtirol - Silz 413,Tielines_New,176
tieline,AT24-DE24,DE,AT,DE,WESTTIROL,220.0,0.085,1.14,0.8771929824561404,1.5510039999999998e-05,7.844,2080.0,792.5864495435183,792.5864495435183,10T1001C--00036X,Westtirol - Silz 414,Tielines_New,177
tieline,AT25-DE25,DE,AT,DE,ST PETER,220.0,0.3421,2.4134,0.4143531946631308,1.8108139999999996e-05,7.5133,1984.0,756.0055364876634,756.0055364876634,10T1001C--00061Y,Y-St. Peter (-Simbach - Altheim) 233/230,Tielines_New,178
tieline,AT26-DE26,DE,AT,DE,ST PETER,220.0,0.4891,3.1671,0.315746266300401,2.3662479999999998e-05,7.513,1984.0,756.0055364876634,756.0055364876634,10T1001C--00062W,Y-St. Peter (-Simbach - Altheim) 234/230,Tielines_New,179
line_at,BISAMBERG__DUERNROHR__1,AT,AT,BISAMBERG,DUERNROHR,380.0,2.75,38.62,0.025893319523562924,0.0004803494,127.0,2300.0,1513.8124058151984,1513.8124058151984,14T-380-0-443AK0,Bisamberg - Duernrohr 443A,Lines_New,141
line_at,FEISTRITZ__OBERSIELACH__1,AT,AT,FEISTRITZ,OBERSIELACH,220.0,1.238,14.2,0.07042253521126761,0.00018585659999999996,47.8,2080.0,792.5864495435183,792.5864495435183,14T-220-0-00268E,Feistritz - Obersielach 268,Lines_New,142
line_at,FEISTRITZ__VILLACH SUED__1,AT,AT,FEISTRITZ,VILLACH SUED,220.0,0.761,8.727,0.11458691417440128,0.0001142,41.3,2080.0,792.5864495435183,792.5864495435183,14T-220-0-0266CH,Feistritz - Villach Süd 266C,Lines_New,143
line_at,GREUTH__LIENZ__1,AT,AT,GREUTH,LIENZ,220.0,2.111,24.23,0.041271151465125874,0.0003172999,81.5,2080.0,792.5864495435183,792.5864495435183,14T-220-0-0266AL,Greuth - Lienz 266A,Lines_New,144
line_at,GREUTH__VILLACH SUED__1,AT,AT,GREUTH,VILLACH SUED,220.0,0.308,3.535,0.2828854314002829,4.628e-05,81.5,2080.0,792.5864495435183,792.5864495435183,14T-220-0-0266BJ,Greuth - Villach Süd 266B,Lines_New,145
line_at,LIENZ__VILLACH SUED__1,AT,AT,LIENZ,VILLACH SUED,220.0,2.414,27.71,0.03608805485384338,0.0003628999,110.0,2080.0,792.5864495435183,792.5864495435183,14T-220-0-0267AI,Lienz - Villach Süd 267A,Lines_New,146
line_at,OBERSIELACH__ROSEGG__1,AT,AT,OBERSIELACH,ROSEGG,220.0,1.532,17.59,0.05685048322910745,0.00023019999999999998,59.1,2080.0,792.5864495435183,792.5864495435183,14T-220-0-0267CE,Obersielach - Rosegg 267C,Lines_New,147
line_at,ROSEGG__VILLACH SUED__1,AT,AT,ROSEGG,VILLACH SUED,220.0,0.429,4.92,0.2032520325203252,6.440000000000001e-05,59.2,2080.0,792.5864495435183,792.5864495435183,14T-220-0-0267BG,Rosegg - Villach Süd 267B,Lines_New,148
line_at,WESTTIROL__ZELL AM ZILLER__1,AT,AT,WESTTIROL,ZELL AM ZILLER,220.0,2.66,30.8,0.032467532467532464,0.0004021238,103.5,2080.0,792.5864495435183,792.5864495435183,14T-220-0-00275H,Westtirol - Zell am Ziller 275,Lines_New,149
line_at,WESTTIROL__ZELL AM ZILLER__2,AT,AT,WESTTIROL,ZELL AM ZILLER,220.0,2.66,30.8,0.032467532467532464,0.0004021238,103.5,2080.0,792.5864495435183,792.5864495435183,14T-220-0-00276F,Westtirol - Zell am Ziller 276,Lines_New,150
line_at,ERNSTHOFEN__HAUSRUCK__1,AT,AT,ERNSTHOFEN,HAUSRUCK,220.0,1.164,13.15,0.07604562737642585,0.00018585689999999999,45.9,2004.0,763.6265600409665,763.6265600409665,14T-220-0-0203CD,Ernsthofen - Hausruck 203C,Lines_New,151
line_at,ERNSTHOFEN__SATTLEDT__1,AT,AT,ERNSTHOFEN,SATTLEDT,220.0,0.869,9.823,0.10180189351521939,0.000138638,34.2,2004.0,763.6265600409665,763.6265600409665,14T-220-0-0204CA,Ernsthofen - Sattledt 204D,Lines_New,152
line_at,BISAMBERG__YBBSFELD__1,AT,AT,BISAMBERG,YBBSFELD,220.0,8.876,47.31,0.02113718030014796,0.000321699,114.6,850.0,323.89350101538,323.89350101538,14T-220-0-00207Y,Bisamberg - Ybbsfeld 207,Lines_New,153
line_at,BISAMBERG__YBBSFELD__2,AT,AT,BISAMBERG,YBBSFELD,220.0,8.876,47.31,0.02113718030014796,0.000321699,114.6,850.0,323.89350101538,323.89350101538,14T-220-0-00208W,Bisamberg - Ybbsfeld 208,Lines_New,154
line_at,ERNSTHOFEN__WALLSEE__1,AT,AT,ERNSTHOFEN,WALLSEE,220.0,1.79,9.27,0.10787486515641856,6.27376e-05,22.4,810.0,308.65145390877393,308.65145390877393,14T-220-0-0205AB,Ernsthofen - Wallsee 205A,Lines_New,155
line_at,ERNSTHOFEN__YBBSFELD__1,AT,AT,ERNSTHOFEN,YBBSFELD,220.0,3.44,18.24,0.054824561403508776,0.00012362149999999998,44.1,810.0,308.65145390877393,308.65145390877393,14T-221-0-00206Q,Ernsthofen - Ybbsfeld 206,Lines_New,156
line_at,WALLSEE__YBBSFELD__1,AT,AT,WALLSEE,YBBSFELD,220.0,2.33,12.26,0.08156606851549755,8.334645e-05,29.7,810.0,308.65145390877393,308.65145390877393,14T-220-0-0205B9,Wallsee - Ybbsfeld 205B,Lines_New,157
line_at,HESSENBERG__OBERSIELACH__1,AT,AT,HESSENBERG,OBERSIELACH,220.0,8.379,41.2,0.024271844660194174,0.00027935,99.4,800.0,304.8409421321224,304.8409421321224,14T-220-0-00286C,Hessenberg - Obersielach 286,Lines_New,158
line_at,HESSENBERG__WEISSENBACH__1,AT,AT,HESSENBERG,WEISSENBACH,220.0,5.99,29.5,0.03389830508474576,0.0001998367,71.1,800.0,304.8409421321224,304.8409421321224,14T-221-0-00223Q,Hessenberg - Weissenbach 223,Lines_New,159
line_at,HESSENBERG__WEISSENBACH__2,AT,AT,HESSENBERG,WEISSENBACH,220.0,5.99,29.5,0.03389830508474576,0.0001998367,71.1,800.0,304.8409421321224,304.8409421321224,14T-220-0-00224Y,Hessenberg - Weissenbach 224,Lines_New,160
line_at,HESSENBERG__ZELTWEG__1,AT,AT,HESSENBERG,ZELTWEG,220.0,3.634,17.87,0.05595970900951315,0.00012114,43.1,800.0,304.8409421321224,304.8409421321224,14T-220-0-00287A,Hessenberg - Zeltweg 287,Lines_New,161
line_at,OBERSIELACH__ZELTWEG__1,AT,AT,OBERSIELACH,ZELTWEG,220.0,5.841,28.73,0.03480682213713888,0.00019478,69.3,800.0,304.8409421321224,304.8409421321224,14T-220-0-00285E,Obersielach - Zeltweg 285,Lines_New,162
line_at,PONGAU__WEISSENBACH__1,AT,AT,PONGAU,WEISSENBACH,220.0,6.527,34.4,0.029069767441860465,0.00025905599999999997,87.3,807.0,307.50830037577845,307.50830037577845,14T-220-0-02211X,Pongau - Weissenbach 221,Lines_New,163
line_at,PONGAU__WEISSENBACH__2,AT,AT,PONGAU,WEISSENBACH,220.0,6.527,34.4,0.029069767441860465,0.00025905599999999997,87.3,807.0,307.50830037577845,307.50830037577845,14T-220-0-02221U,Pongau - Weissenbach 222,Lines_New,164
line_at,BISAMBERG__DUERNROHR__2,AT,AT,BISAMBERG,DUERNROHR,220.0,1.1,12.7,0.07874015748031496,0.00016713269999999998,51.1,2080.0,792.5864495435183,792.5864495435183,14T-220-0-002977,Bisamberg - Duernrohr 297,Lines_New,165
line_at,BISAMBERG__DUERNROHR__3,AT,AT,BISAMBERG,DUERNROHR,220.0,1.1,12.7,0.07874015748031496,0.00016713269999999998,51.1,2080.0,792.5864495435183,792.5864495435183,14T-220-0-002985,Bisamberg - Duernrohr 298,Lines_New,166
line_at,BISAMBERG__DUERNROHR__4,AT,AT,BISAMBERG,DUERNROHR,380.0,1.11,15.52,0.06443298969072166,0.00019311359999999998,51.1,2300.0,1513.8124058151984,1513.8124058151984,14T-380-0-0436AJ,Bisamberg - Duernrohr 436A,Lines_New,167
line_at,BISAMBERG__DUERNROHR__5,AT,AT,BISAMBERG,DUERNROHR,380.0,1.109,15.52,0.06443298969072166,0.00019311359999999998,51.1,2300.0,1513.8124058151984,1513.8124058151984,14T-380-0-0444AL,Bisamberg - Duernrohr 444A,Lines_New,168
line_at,BISAMBERG__KLEDERING__1,AT,AT,BISAMBERG,KLEDERING,220.0,2.165,11.71,0.08539709649871904,0.0001379473,37.5,1200.0,457.26141319818356,457.26141319818356,14T-220-0-0228BT,Bisamberg - Kledering 228B,Lines_New,169
line_at,BISAMBERG__SARASDORF__1,AT,AT,BISAMBERG,SARASDORF,380.0,1.078,15.05,0.06644518272425248,0.00018808709999999998,49.6,2300.0,1513.8124058151984,1513.8124058151984,14T-380-0-0444CH,Bisamberg - Sarasdorf 444C,Lines_New,170
line_at,BISAMBERG__WIEN SUEDOST__1,AT,AT,BISAMBERG,WIEN SUEDOST,220.0,2.248,12.14,0.08237232289950576,0.0001430052,38.9,1200.0,457.26141319818356,457.26141319818356,14T-220-0-00227S,Bisamberg - Wien Suedost 227,Lines_New,171
line_at,BISAMBERG__WIEN SUEDOST__2,AT,AT,BISAMBERG,WIEN SUEDOST,380.0,1.649,23.25,0.043010752688172046,0.000288964,76.0,2300.0,1513.8124058151984,1513.8124058151984,14T-380-0-0436BH,Bisamberg - Wien Suedost 436B,Lines_New,172
line_at,BISAMBERG__ZAYA__1,AT,AT,BISAMBERG,ZAYA,380.0,0.904,16.34,0.06119951040391677,0.00022999999999999998,57.3,2300.0,1513.8124058151984,1513.8124058151984,14T-380-0-0443BM,Bisamberg - Zaya 443B,Lines_New,173
line_at,DUERNROHR__ETZERSDORF__1,AT,AT,DUERNROHR,ETZERSDORF,380.0,0.3,4.4,0.22727272727272727,5.1050879999999995e-05,13.9,2300.0,1513.8124058151984,1513.8124058151984,14T-380-0-0434BN,Duernrohr - Etzersdorf 434B,Lines_New,174
line_at,DUERNROHR__KRONSTORF__1,AT,AT,DUERNROHR,KRONSTORF,380.0,2.56,37.2,0.026881720430107524,0.00043479629999999993,118.3,2300.0,1513.8124058151984,1513.8124058151984,14T-380-0-00433L,Duernrohr - Kronstorf 433,Lines_New,175
line_at,DUERNROHR__WIEN SUEDOST__1,AT,AT,DUERNROHR,WIEN SUEDOST,380.0,2.75,38.62,0.025893319523562924,0.0004803494,127.0,2300.0,1513.8124058151984,1513.8124058151984,14T-380-0-0435AM,Duernrohr - Wien Suedost 435A,Lines_New,176
line_at,ERNSTHOFEN__KLAUS__1,AT,AT,ERNSTHOFEN,KLAUS,220.0,3.47,18.0,0.05555555555555555,0.00012834999999999998,67.4,925.0,352.4723393402665,352.4723393402665,14T-220-0-0201BL,Ernsthofen - Klaus 201B,Lines_New,177
line_at,ERNSTHOFEN__WEISSENBACH__1,AT,AT,ERNSTHOFEN,WEISSENBACH,220.0,6.67,34.49,0.028993911278631487,0.00024008,84.4,925.0,352.4723393402665,352.4723393402665,14T-220-0-002027,Ernsthofen - Weissenbach 202,Lines_New,178
line_at,ETZERSDORF__KRONSTORF__1,AT,AT,ETZERSDORF,KRONSTORF,380.0,2.26,32.82,0.030469226081657527,0.00038358839999999995,0.7,2300.0,1513.8124058151984,1513.8124058151984,14T-380-0-0434AP,Etzersdorf - Kronstorf 434A,Lines_New,179
line_at,HAUSRUCK__SATTLEDT__1,AT,AT,HAUSRUCK,SATTLEDT,220.0,0.295,3.33,0.3003003003003003,4.7249499999999995e-05,11.7,2150.0,819.2600319800789,819.2600319800789,14T-220-0-0204BC,Hausruck - Sattledt 204C,Lines_New,180
line_at,HESSENBERG__TERNITZ__1,AT,AT,HESSENBERG,TERNITZ,220.0,8.03,39.5,0.02531645569620253,0.00026756939999999997,95.2,750.0,285.78838324886476,285.78838324886476,14T-220-0-0225A3,Hessenberg - Ternitz 225A,Lines_New,181
line_at,HESSENBERG__TERNITZ__2,AT,AT,HESSENBERG,TERNITZ,220.0,8.03,39.5,0.02531645569620253,0.00026756939999999997,95.2,750.0,285.78838324886476,285.78838324886476,14T-220-0-0226A0,Hessenberg - Ternitz 226A,Lines_New,182
line_at,JOCHENSTEIN__SCHAERDING__1,AT,AT,JOCHENSTEIN,SCHAERDING,220.0,2.08,9.6,0.10416666666666667,7.165972e-05,24.5,720.0,274.35684791891015,274.35684791891015,14T-220-0-00237P,Jochenstein - Schaerding 237,Lines_New,183
line_at,JOCHENSTEIN__SCHAERDING__2,AT,AT,JOCHENSTEIN,SCHAERDING,220.0,2.08,9.6,0.10416666666666667,7.165972e-05,24.5,720.0,274.35684791891015,274.35684791891015,14T-220-0-00238N,Jochenstein - Schaerding 238,Lines_New,184
line_at,KAINACHTAL__OBERSIELACH__1,AT,AT,KAINACHTAL,OBERSIELACH,380.0,1.56,22.88,0.04370629370629371,0.0002672867,72.0,2300.0,1513.8124058151984,1513.8124058151984,14T-380-0-00471D,Kainachtal - Obersielach 471,Lines_New,185
line_at,KAINACHTAL__OBERSIELACH__2,AT,AT,KAINACHTAL,OBERSIELACH,380.0,1.56,22.88,0.04370629370629371,0.0002672867,72.0,2300.0,1513.8124058151984,1513.8124058151984,14T-380-0-00472B,Kainachtal - Obersielach 472,Lines_New,186
line_at,KAPRUN__TAUERN__1,AT,AT,KAPRUN,TAUERN,380.0,0.046,0.877,1.1402508551881414,1.2319999999999999e-05,3.1,3627.0,2387.2163460398806,2387.2163460398806,14T-380-0-00457B,Kaprun - Tauern 457B,Lines_New,187
line_at,KLEDERING__WIEN SUEDOST__1,AT,AT,KLEDERING,WIEN SUEDOST,220.0,0.12,0.65,1.5384615384615383,7.51783e-06,2.1,1200.0,457.26141319818356,457.26141319818356,14T-220-0-0228AV,Kledering - Wien Suedost 228A,Lines_New,188
line_at,KRONSTORF__ST PETER__1,AT,AT,KRONSTORF,ST PETER,380.0,2.411,34.98,0.028587764436821043,0.00040966359999999993,111.3,2300.0,1513.8124058151984,1513.8124058151984,14T-380-0-00431P,Kronstorf - St. Peter 431,Lines_New,189
line_at,KRONSTORF__ST PETER__2,AT,AT,KRONSTORF,ST PETER,380.0,2.411,34.98,0.028587764436821043,0.00040966359999999993,111.3,2300.0,1513.8124058151984,1513.8124058151984,14T-380-0-00432N,Kronstorf - St. Peter 432,Lines_New,190
line_at,LIENZ__MATREI__1,AT,AT,LIENZ,MATREI,380.0,0.617,9.101,0.10987803538072738,0.00010389239999999999,28.6,2412.0,1587.52848818533,1587.52848818533,14T-380-0-0452AN,Lienz - Matrei 452A,Lines_New,191
line_at,LIENZ__TAUERN__1,AT,AT,LIENZ,TAUERN,380.0,1.847,26.76,0.03736920777279521,0.0003113631,85.0,2180.0,1434.830888990058,1434.830888990058,14T-380-0-00451J,Lienz - Tauern 451,Lines_New,192
line_at,MATREI__TAUERN__1,AT,AT,MATREI,TAUERN,380.0,1.214,17.89,0.05589714924538848,0.0002045805,56.3,2180.0,1434.830888990058,1434.830888990058,14T-380-0-0452BL,Matrei - Tauern 452B,Lines_New,193
line_at,MAYRHOFEN__ZELL AM ZILLER__1,AT,AT,MAYRHOFEN,ZELL AM ZILLER,220.0,0.25,2.8,0.35714285714285715,3.697654e-05,9.2,2000.0,762.102355330306,762.102355330306,14T-220-0-00219R,Mayrhofen - Zell am Ziller 219,Lines_New,194
line_at,MAYRHOFEN__ZELL AM ZILLER__2,AT,AT,MAYRHOFEN,ZELL AM ZILLER,220.0,0.25,2.8,0.35714285714285715,3.697654e-05,9.2,2000.0,762.102355330306,762.102355330306,14T-220-0-002205,Mayrhofen - Zell am Ziller 220,Lines_New,195
line_at,NEUSIEDL__WIEN SUEDOST__1,AT,AT,NEUSIEDL,WIEN SUEDOST,220.0,3.69,18.9,0.052910052910052914,0.000126292,45.4,800.0,304.8409421321224,304.8409421321224,14T-220-0-0246AT,Neusiedl - Wien Suedost 246A,Lines_New,196
line_at,DREIBEIN MELLACH__OSTSTEIERMARK__1,AT,AT,OSTSTEIERMARK,DREIBEIN MELLACH,380.0,0.53,9.04,0.11061946902654868,0.0001566712,28.4,2400.0,1579.630336502816,1579.630336502816,14T-380-0-0475MJ,Oststeiermark - Dreibein Mellach 475SR,Lines_New,197
line_at,OSTSTEIERMARK__WIEN SUEDOST__1,AT,AT,OSTSTEIERMARK,WIEN SUEDOST,380.0,2.51,42.47,0.02354603249352484,0.0007351326,165.0,2400.0,1579.630336502816,1579.630336502816,14T-380-0-004771,Oststeiermark - Wien Suedost 477,Lines_New,198
line_at,PHYRN__WEISSENBACH__1,AT,AT,PHYRN,WEISSENBACH,220.0,1.395,7.143,0.1399972000559989,4.8729999999999996e-05,17.4,925.0,352.4723393402665,352.4723393402665,14T-220-0-0201AN,Phyrn - Weissenbach 201A,Lines_New,199
line_at,KAPRUN__PONGAU__1,AT,AT,PONGAU,KAPRUN,380.0,0.62,12.11,0.08257638315441784,0.0001774057,43.2,3768.0,2480.019628309421,2480.019628309421,14T-380-0-00456C,Pongau - Kaprun 456C,Lines_New,200
line_at,PONGAU__SALZBURG__1,AT,AT,SALZBURG,PONGAU,380.0,1.006,19.88,0.05030181086519115,0.0002937074,71.2,3612.0,2377.343656436738,2377.343656436738,14T-380-0-00456B,Salzburg - Pongau 456B,Lines_New,201
line_at,SALZACH__SALZBURG__1,AT,AT,SALZBURG,SALZACH,220.0,0.61,2.95,0.3389830508474576,2.047e-05,7.2,800.0,304.8409421321224,304.8409421321224,14T-220-0-2321BX,Salzburg 2 - Salzach 2 232B,Lines_New,202
line_at,SALZACH__SALZBURG__2,AT,AT,SALZBURG,SALZACH,220.0,0.61,2.99,0.33444816053511706,2.077e-05,7.3,800.0,304.8409421321224,304.8409421321224,14T-220-0-2321CV,Salzburg 2 - Salzach 2 232C,Lines_New,203
line_at,SARASDORF__WIEN SUEDOST__1,AT,AT,SARASDORF,WIEN SUEDOST,380.0,0.56,8.05,0.12422360248447203,9.918e-05,26.3,2300.0,1513.8124058151984,1513.8124058151984,14T-380-0-0443DI,Sarasdorf - Wien Suedost 443D,Lines_New,204
line_at,SARASDORF__ZAYA__1,AT,AT,SARASDORF,ZAYA,380.0,1.541,25.22,0.039651070578905635,0.00034199999999999996,86.6,2300.0,1513.8124058151984,1513.8124058151984,14T-380-0-443CAE,Sarasdorf - Zaya 443C,Lines_New,205
line_at,SARASDORF__ZURNDORF__1,AT,AT,SARASDORF,ZURNDORF,380.0,0.63,8.778,0.11392116655274549,0.0001080079,28.7,2300.0,1513.8124058151984,1513.8124058151984,14T-380-0-0439AA,Sarasdorf - Zurndorf 439A,Lines_New,206
line_at,SARASDORF__ZURNDORF__2,AT,AT,SARASDORF,ZURNDORF,380.0,0.63,8.778,0.11392116655274549,0.0001080079,28.7,2300.0,1513.8124058151984,1513.8124058151984,14T-380-0-0440AX,Sarasdorf - Zurndorf 440A,Lines_New,207
line_at,SCHWARZENBACH__TAUERN__1,AT,AT,SCHWARZENBACH,TAUERN,380.0,0.142,3.742,0.2672367717797969,4.756371e-05,12.4,2400.0,1579.630336502816,1579.630336502816,14T-380-0-0417BM,Schwarzenbach - Tauern 417B,Lines_New,208
line_at,SCHWARZENBACH__ZELL AM ZILLER__1,AT,AT,SCHWARZENBACH,ZELL AM ZILLER,380.0,0.651,16.93,0.05906674542232723,0.0002194402,56.7,2400.0,1579.630336502816,1579.630336502816,14T-380-0-0417AO,Schwarzenbach - Zell am Ziller 417A,Lines_New,209
line_at,SALZBURG__ST PETER__1,AT,AT,ST PETER,SALZBURG,380.0,0.639,11.67,0.0856898029134533,0.0002020986,45.3,3636.0,2393.139959801766,2393.139959801766,14T-380-0-00456A,St. Peter - Salzburg 456A,Lines_New,210
line_at,SCHAERDING__ST PETER__1,AT,AT,ST PETER,SCHAERDING,220.0,3.12,14.4,0.06944444444444445,0.00010706539999999999,36.6,800.0,304.8409421321224,304.8409421321224,14T-220-0-00235T,St. Peter - Schaerding 235,Lines_New,211
line_at,SCHAERDING__ST PETER__2,AT,AT,ST PETER,SCHAERDING,220.0,3.12,14.4,0.06944444444444445,0.00010706539999999999,36.6,800.0,304.8409421321224,304.8409421321224,14T-220-0-00236R,St. Peter - Schaerding 236,Lines_New,212
line_at,ST PETER__WAGENHAM__1,AT,AT,ST PETER,WAGENHAM,380.0,0.281,5.132,0.19485580670303976,8.884424e-05,19.9,3636.0,2393.139959801766,2393.139959801766,14T-380-0-00455A,St. Peter - Wagenham 455A,Lines_New,213
line_at,ST PETER__SW WEIBERN__1,AT,AT,ST PETER,SW WEIBERN,220.0,1.225,13.83,0.07230657989877079,0.00019622,48.6,2150.0,819.2600319800789,819.2600319800789,14T-220-0-N203AR,St. Peter 2 -  SW Weibern 203A,Lines_New,2357
line_at,ST PETER__SW WEIBERN__2,AT,AT,ST PETER,SW WEIBERN,220.0,1.225,13.83,0.07230657989877079,0.00019622,48.6,2150.0,819.2600319800789,819.2600319800789,14T-220-0-N204AO,St. Peter 2 - SW Weibern 204A,Lines_New,2358
line_at,DREIBEIN MELLACH__SUEDBURGENLAND__1,AT,AT,SUEDBURGENLAND,DREIBEIN MELLACH,380.0,1.413,23.73,0.04214075010535188,0.0004112344,61.6,2400.0,1579.630336502816,1579.630336502816,14T-380-0-0476MG,Suedburgenland - Dreibein Mellach 476SU,Lines_New,2359
line_at,SUEDBURGENLAND__WIEN SUEDOST__1,AT,AT,SUEDBURGENLAND,WIEN SUEDOST,380.0,1.633,27.76,0.03602305475504323,0.0004803494,107.8,2400.0,1579.630336502816,1579.630336502816,14T-381-0-00478Q,Suedburgenland - Wien Suedost 478,Lines_New,2360
line_at,HAUSRUCK__SW WEIBERN__1,AT,AT,SW WEIBERN,HAUSRUCK,220.0,0.431,4.867,0.20546537908362442,6.905e-05,17.1,2150.0,819.2600319800789,819.2600319800789,14T-220-0-N204BM,SW Weibern - Hausruck 204B,Lines_New,2361
line_at,HAUSRUCK__SW WEIBERN__2,AT,AT,SW WEIBERN,HAUSRUCK,220.0,0.431,4.867,0.20546537908362442,6.905e-05,17.1,2150.0,819.2600319800789,819.2600319800789,14T-220-0-N203BP,SW Weibern- Hausruck 203B,Lines_New,2362
line_at,TAUERN__ZELL AM ZILLER__1,AT,AT,TAUERN,ZELL AM ZILLER,380.0,0.79,20.67,0.04837929366231253,0.00026700389999999996,69.1,2400.0,1579.630336502816,1579.630336502816,14T-380-0-00418H,Tauern - Zell am Ziller 418,Lines_New,2370
line_at,TERNITZ__WIEN SUEDOST__1,AT,AT,TERNITZ,WIEN SUEDOST,220.0,5.075,24.59,0.040666937779585195,0.000166065,59.5,960.0,365.8091305585468,365.8091305585468,14T-220-0-0225B1,Ternitz - Wien Suedost 225B,Lines_New,2371
line_at,TERNITZ__WIEN SUEDOST__2,AT,AT,TERNITZ,WIEN SUEDOST,220.0,5.075,24.59,0.040666937779585195,0.000166065,59.5,960.0,365.8091305585468,365.8091305585468,14T-220-0-0226BZ,Ternitz - Wien Suedost 226B,Lines_New,2372
line_at,TAUERN__WAGENHAM__1,AT,AT,WAGENHAM,TAUERN,380.0,1.988,38.32,0.026096033402922755,0.0005846503,139.7,3477.0,2288.4894500084547,2288.4894500084547,14T-380-0-00455B,Wagenham - Tauern 455B,Lines_New,2373
line_at,NAUDERS__WESTTIROL__1,AT,AT,WESTTIROL,NAUDERS,380.0,1.21,17.66,0.056625141562853906,0.000209827,56.7,2300.0,1513.8124058151984,1513.8124058151984,14T-220-0-0427SP,Westtirol - Nauders 427,Lines_New,2374
line_at,NAUDERS__WESTTIROL__2,AT,AT,WESTTIROL,NAUDERS,380.0,1.21,17.66,0.056625141562853906,0.000209827,56.7,2300.0,1513.8124058151984,1513.8124058151984,14T-220-0-0428SM,Westtirol - Nauders 428,Lines_New,2375
